,a,a_deep,a_goals,a_ppda,a_shot,a_shotOnTarget,a_xg,date,fid,h,h_d,h_deep,h_goals,h_l,h_ppda,h_shot,h_shotOnTarget,h_w,h_xg,id,league,league_id,season,team_a,team_h
0,79,5,1,21.4545,12,5,0.842407,2019-08-09 20:00:00,1375927,87,0.1732,11,4,0.0891,5.9429,15,7,0.7377,2.23456,11643,EPL,1,2019,Norwich,Liverpool
1,88,9,5,6.9355,14,9,3.18377,2019-08-10 12:30:00,1375928,81,0.1166,1,0,0.8382,16.4000,5,3,0.0452,1.2003,11644,EPL,1,2019,Manchester City,West Ham
2,238,6,1,9.1333,8,3,1.59864,2019-08-10 15:00:00,1375929,73,0.3923,4,1,0.3994,13.6000,13,3,0.2083,1.34099,11645,EPL,1,2019,Sheffield United,Bournemouth
3,74,9,0,5.5000,11,3,1.08752,2019-08-10 15:00:00,1375930,92,0.3442,0,3,0.3898,9.2778,10,4,0.266,0.909241,11646,EPL,1,2019,Southampton,Burnley
4,72,5,0,4.0741,10,3,1.2246,2019-08-10 15:00:00,1375931,78,0.3231,5,0,0.4342,11.3077,6,2,0.2427,0.87159,11647,EPL,1,2019,Everton,Crystal Palace
5,220,5,3,11.5000,5,3,0.855516,2019-08-10 15:00:00,1375933,90,0.362,7,0,0.3946,9.7857,11,3,0.2434,0.670022,11648,EPL,1,2019,Brighton,Watford
6,71,2,1,13.4211,7,4,0.639599,2019-08-10 17:30:00,1375934,82,0.1273,15,3,0.0507,5.2500,31,7,0.822,2.57262,11649,EPL,1,2019,Aston Villa,Tottenham
7,83,10,1,11.0526,8,2,1.13309,2019-08-11 14:00:00,1375935,86,0.3057,1,0,0.5891,13.2069,9,2,0.1052,0.380551,11650,EPL,1,2019,Arsenal,Newcastle United
8,229,3,0,18.6667,8,2,0.812949,2019-08-11 14:00:00,1375932,75,0.3819,7,0,0.4007,6.4348,16,1,0.2174,0.543759,11651,EPL,1,2019,Wolverhampton Wanderers,Leicester
9,80,4,0,6.4524,18,7,1.09534,2019-08-11 16:30:00,1375936,89,0.1782,8,4,0.107,9.0645,11,5,0.7148,2.37442,11652,EPL,1,2019,Chelsea,Manchester United
10,92,4,1,11.3846,18,5,1.39172,2019-08-17 12:30:00,1375937,83,0.2836,8,2,0.4265,5.3125,15,9,0.2899,1.1644,11653,EPL,1,2019,Burnley,Arsenal
11,73,9,2,10.7200,12,4,1.62777,2019-08-17 15:00:00,1375938,71,0.2724,12,1,0.3618,13.0000,22,7,0.3658,1.65069,11654,EPL,1,2019,Bournemouth,Aston Villa
12,81,4,1,8.8710,8,3,1.00856,2019-08-17 15:00:00,1375939,220,0.179,8,1,0.1027,5.4857,16,4,0.7183,2.40461,11655,EPL,1,2019,West Ham,Brighton
13,90,3,0,3.9250,8,2,1.17279,2019-08-17 15:00:00,1375941,72,0.322,4,1,0.447,8.8636,12,2,0.231,0.832913,11656,EPL,1,2019,Watford,Everton
14,86,6,1,17.5000,12,4,0.920429,2019-08-17 15:00:00,1375943,79,0.1975,9,3,0.1225,13.9286,15,8,0.68,2.09572,11657,EPL,1,2019,Newcastle United,Norwich
15,87,6,2,9.4286,15,6,1.52022,2019-08-17 15:00:00,1375945,74,0.2278,1,1,0.2395,12.0000,14,3,0.5327,2.14047,11658,EPL,1,2019,Liverpool,Southampton
16,82,2,2,47.1429,3,2,0.074542,2019-08-17 17:30:00,1375942,88,0.0301,10,2,0.0025,8.9767,30,10,0.9674,3.20076,11659,EPL,1,2019,Tottenham,Manchester City
17,78,5,0,11.6000,6,4,0.241912,2019-08-18 14:00:00,1375944,238,0.1408,2,1,0.0266,11.1200,15,3,0.8326,1.84778,11660,EPL,1,2019,Crystal Palace,Sheffield United
18,75,5,1,6.2973,12,3,0.947941,2019-08-18 16:30:00,1375940,80,0.3008,4,1,0.2601,10.5769,14,5,0.4391,1.22629,11661,EPL,1,2019,Leicester,Chelsea
19,89,9,1,8.3636,9,2,1.14332,2019-08-19 20:00:00,1375946,229,0.2597,5,1,0.6809,19.9500,6,2,0.0594,0.307356,11662,EPL,1,2019,Manchester United,Wolverhampton Wanderers
20,72,12,0,5.4074,12,1,1.25668,2019-08-23 20:00:00,1375947,71,0.3058,6,2,0.4729,13.2500,7,3,0.2213,0.855926,11663,EPL,1,2019,Everton,Aston Villa
21,80,12,3,13.7273,23,8,1.89428,2019-08-24 12:30:00,1375970,79,0.2595,5,2,0.5646,10.0000,6,5,0.1759,1.07904,11664,EPL,1,2019,Chelsea,Norwich
22,75,9,2,8.9412,10,2,0.704879,2019-08-24 15:00:00,1375972,238,0.4017,4,1,0.3067,11.3913,8,3,0.2916,0.654318,11665,EPL,1,2019,Leicester,Sheffield United
23,74,6,2,10.7500,12,4,2.07795,2019-08-24 15:00:00,1375949,220,0.2115,6,0,0.6693,9.1739,12,3,0.1192,0.997711,11666,EPL,1,2019,Southampton,Brighton
24,81,10,3,12.9474,16,10,3.45768,2019-08-24 15:00:00,1375950,90,0.1778,20,1,0.6685,9.2857,23,3,0.1537,2.29348,11667,EPL,1,2019,West Ham,Watford
25,92,4,1,14.6190,13,4,1.22762,2019-08-25 16:30:00,1375951,229,0.307,4,1,0.3051,11.8333,17,2,0.3879,1.32793,11668,EPL,1,2019,Burnley,Wolverhampton Wanderers
26,78,2,2,15.2778,5,3,0.676993,2019-08-24 15:00:00,1375968,89,0.1616,7,1,0.0629,6.8571,22,3,0.7755,2.23561,11669,EPL,1,2019,Crystal Palace,Manchester United
27,83,7,1,28.4286,9,3,0.985542,2019-08-24 17:30:00,1375966,87,0.1361,9,3,0.0691,9.7838,25,5,0.7948,2.78821,11670,EPL,1,2019,Arsenal,Liverpool
28,88,17,3,5.1739,19,5,3.12856,2019-08-25 14:00:00,1375948,73,0.1736,3,1,0.6639,22.9000,10,7,0.1625,1.89345,11671,EPL,1,2019,Manchester City,Bournemouth
29,86,5,1,32.3000,8,3,0.51428,2019-08-25 16:30:00,1375974,82,0.2775,8,0,0.1327,4.8421,17,2,0.5898,1.25927,11672,EPL,1,2019,Newcastle United,Tottenham
30,89,13,1,13.5714,21,8,1.90356,2019-08-31 12:30:00,1375960,74,0.2211,6,1,0.6603,6.6667,10,2,0.1186,0.769616,11673,EPL,1,2019,Manchester United,Southampton
31,79,5,0,8.7407,8,3,1.1674,2019-08-31 15:00:00,1375961,81,0.2265,12,2,0.1437,7.8421,18,8,0.6298,2.20657,11674,EPL,1,2019,Norwich,West Ham
32,238,5,2,20.9167,8,2,1.04649,2019-08-31 15:00:00,1375954,80,0.1949,4,2,0.1107,14.8824,13,5,0.6944,2.30579,11675,EPL,1,2019,Sheffield United,Chelsea
33,71,5,0,9.0400,10,2,0.30354,2019-08-31 15:00:00,1375955,78,0.2444,13,1,0.0785,9.0000,22,5,0.6771,1.41394,11676,EPL,1,2019,Aston Villa,Crystal Palace
34,73,7,1,10.0000,8,2,0.554726,2019-08-31 15:00:00,1375957,75,0.1353,10,3,0.0421,6.9143,15,6,0.8226,2.23766,11677,EPL,1,2019,Bournemouth,Leicester
35,220,7,0,21.6250,6,2,0.861035,2019-08-31 15:00:00,1375958,88,0.1772,16,4,0.0869,11.4375,15,6,0.7359,2.30818,11678,EPL,1,2019,Brighton,Manchester City
36,90,6,1,12.0000,13,3,1.1068,2019-08-31 15:00:00,1375959,86,0.3121,2,1,0.358,19.6000,13,5,0.3299,1.04131,11679,EPL,1,2019,Watford,Newcastle United
37,87,11,3,6.2083,15,7,1.20057,2019-08-31 17:30:00,1375953,92,0.3171,0,0,0.5057,16.2632,7,2,0.1772,0.61739,11680,EPL,1,2019,Liverpool,Burnley
38,229,5,2,20.1667,8,5,2.00172,2019-09-01 14:00:00,1375956,72,0.2459,4,3,0.5086,5.3333,15,6,0.2455,1.48842,11681,EPL,1,2019,Wolverhampton Wanderers,Everton
39,82,6,2,12.1765,13,9,1.95514,2019-09-01 16:30:00,1375952,83,0.2536,12,2,0.4003,6.7879,26,8,0.3461,1.92509,11682,EPL,1,2019,Tottenham,Arsenal
40,86,4,1,41.9000,8,1,0.291073,2019-09-14 11:30:00,1375965,87,0.0464,19,3,0.0084,6.9583,21,9,0.9452,2.93281,11683,EPL,1,2019,Newcastle United,Liverpool
41,75,4,0,4.7714,9,3,0.459141,2019-09-14 14:00:00,1375967,89,0.3062,4,1,0.1073,9.7200,10,5,0.5865,1.10019,11684,EPL,1,2019,Leicester,Manchester United
42,92,4,1,12.1000,7,1,0.341654,2019-09-14 14:00:00,1375964,220,0.1893,13,1,0.0466,3.9643,14,5,0.7641,1.68545,11685,EPL,1,2019,Burnley,Brighton
43,74,7,1,12.8235,11,7,1.57659,2019-09-14 14:00:00,1375971,238,0.2527,8,0,0.3045,12.5238,17,4,0.4428,1.88034,11686,EPL,1,2019,Southampton,Sheffield United
44,78,5,0,17.0833,11,6,0.577323,2019-09-14 14:00:00,1375973,82,0.3328,8,4,0.1793,6.5455,13,5,0.4879,1.04944,11687,EPL,1,2019,Crystal Palace,Tottenham
45,80,6,5,7.1000,15,6,3.06799,2019-09-14 14:00:00,1375988,229,0.1625,5,2,0.7566,13.1071,11,4,0.0809,1.49359,11688,EPL,1,2019,Chelsea,Wolverhampton Wanderers
46,88,14,2,7.9583,25,8,2.34436,2019-09-14 16:30:00,1375969,79,0.2462,6,3,0.5051,18.4286,7,3,0.2487,1.7413,11689,EPL,1,2019,Manchester City,Norwich
47,72,9,1,5.5161,14,5,1.50641,2019-09-15 13:00:00,1375963,73,0.2793,3,3,0.3822,12.0909,13,6,0.3385,1.41542,11690,EPL,1,2019,Everton,Bournemouth
48,83,7,2,21.4167,7,4,1.00616,2019-09-15 15:30:00,1375986,90,0.1365,12,2,0.0573,9.0714,31,10,0.8062,2.83209,11691,EPL,1,2019,Arsenal,Watford
49,81,9,0,10.0909,13,1,0.535279,2019-09-16 19:00:00,1375962,71,0.2496,4,0,0.1131,9.6818,10,5,0.6373,1.40502,11692,EPL,1,2019,West Ham,Aston Villa
50,73,2,3,17.9375,6,3,1.29773,2019-09-20 19:00:00,1376006,74,0.2395,6,1,0.1644,4.0857,25,6,0.5961,2.18021,11693,EPL,1,2019,Bournemouth,Southampton
51,82,9,1,5.6176,11,4,1.33735,2019-09-21 11:30:00,1376000,75,0.2798,7,2,0.3769,10.6364,16,7,0.3433,1.28752,11694,EPL,1,2019,Tottenham,Leicester
52,90,1,0,35.8333,5,4,0.344718,2019-09-21 14:00:00,1376002,88,0.0004,13,8,0,11.3333,28,11,0.9996,6.63049,11695,EPL,1,2019,Watford,Manchester City
53,79,9,0,14.9000,11,2,0.801428,2019-09-21 14:00:00,1375992,92,0.1472,7,2,0.0631,11.6800,13,6,0.7897,2.39312,11696,EPL,1,2019,Norwich,Burnley
54,229,5,1,12.5238,13,4,1.75572,2019-09-22 13:00:00,1375996,78,0.2419,6,1,0.5842,13.9474,13,4,0.1739,0.984777,11697,EPL,1,2019,Wolverhampton Wanderers,Crystal Palace
55,238,2,2,13.1500,2,1,0.508011,2019-09-21 14:00:00,1375998,72,0.3092,9,0,0.131,5.6471,16,3,0.5598,1.26041,11698,EPL,1,2019,Sheffield United,Everton
56,220,6,0,6.0952,16,3,1.21592,2019-09-21 16:30:00,1376004,86,0.3006,4,0,0.3762,22.9000,11,4,0.3232,1.09807,11699,EPL,1,2019,Brighton,Newcastle United
57,89,5,0,17.1818,9,3,1.27826,2019-09-22 13:00:00,1376008,81,0.2714,4,2,0.6089,14.9474,8,6,0.1197,0.51376,11700,EPL,1,2019,Manchester United,West Ham
58,87,5,2,7.9143,6,3,1.03003,2019-09-22 15:30:00,1375994,80,0.311,5,1,0.2863,11.6250,13,2,0.4027,1.23321,11701,EPL,1,2019,Liverpool,Chelsea
59,71,8,2,11.0000,14,9,1.71546,2019-09-22 15:30:00,1375990,83,0.2195,12,3,0.2083,9.1000,21,6,0.5722,2.53209,11702,EPL,1,2019,Aston Villa,Arsenal
60,87,11,1,11.2727,16,4,1.97079,2019-09-28 11:30:00,1376024,238,0.2402,1,0,0.5798,24.2353,12,2,0.18,1.17022,11703,EPL,1,2019,Liverpool,Sheffield United
61,74,8,1,5.6486,14,6,1.16256,2019-09-28 14:00:00,1376026,82,0.3113,7,2,0.3323,31.7500,9,4,0.3564,1.19008,11704,EPL,1,2019,Southampton,Tottenham
62,90,10,0,11.3810,14,5,1.06615,2019-09-28 14:00:00,1376028,229,0.3828,5,2,0.268,22.9375,6,2,0.3492,1.16363,11705,EPL,1,2019,Watford,Wolverhampton Wanderers
63,92,2,2,9.0455,10,3,1.66919,2019-09-28 14:00:00,1376010,71,0.2428,3,2,0.5827,6.0500,16,3,0.1745,0.914266,11706,EPL,1,2019,Burnley,Aston Villa
64,81,17,2,13.1000,17,6,1.29546,2019-09-28 14:00:00,1376012,73,0.2012,8,2,0.1741,11.2500,13,5,0.6247,2.31957,11707,EPL,1,2019,West Ham,Bournemouth
65,220,0,0,12.7692,8,1,0.616263,2019-09-28 14:00:00,1376014,80,0.0225,9,2,0.0063,14.5417,24,10,0.9712,4.26443,11708,EPL,1,2019,Brighton,Chelsea
66,79,10,0,9.1111,10,3,0.712129,2019-09-28 14:00:00,1376016,78,0.2208,11,2,0.1017,12.7826,15,3,0.6775,1.80497,11709,EPL,1,2019,Norwich,Crystal Palace
67,86,1,0,35.7273,3,0,0.054134,2019-09-29 15:30:00,1376020,75,0.1032,13,5,0.0056,5.5588,13,5,0.8912,1.82438,11710,EPL,1,2019,Newcastle United,Leicester
68,88,13,3,9.7143,20,9,3.1082,2019-09-28 16:30:00,1376018,72,0.2121,6,1,0.5455,32.6667,12,8,0.2424,2.35854,11711,EPL,1,2019,Manchester City,Everton
69,83,7,1,10.1250,10,5,1.70399,2019-09-30 19:00:00,1376022,89,0.2554,5,1,0.5232,5.9259,16,4,0.2214,1.1335,11712,EPL,1,2019,Arsenal,Manchester United
70,82,4,0,15.2353,8,3,0.478504,2019-10-05 12:30:00,1376032,220,0.067,12,3,0.0136,8.1351,17,6,0.9194,2.60017,11713,EPL,1,2019,Tottenham,Brighton
71,72,4,0,7.8000,11,2,1.30723,2019-10-05 15:00:00,1376034,92,0.2707,6,1,0.5939,19.5000,9,3,0.1354,0.558912,11714,EPL,1,2019,Everton,Burnley
72,75,4,1,9.2500,2,1,0.0982107,2019-10-05 15:00:00,1376036,87,0.009,12,2,0.0008,7.7813,18,8,0.9902,3.74867,11715,EPL,1,2019,Leicester,Liverpool
73,229,1,2,19.6875,7,2,1.18825,2019-10-06 14:00:00,1376038,88,0.2691,13,0,0.2574,4.1154,18,2,0.4735,1.61884,11716,EPL,1,2019,Wolverhampton Wanderers,Manchester City
74,71,9,5,8.8000,22,12,3.67827,2019-10-05 15:00:00,1376042,79,0.1263,13,1,0.7819,6.0417,21,5,0.0918,1.84838,11717,EPL,1,2019,Aston Villa,Norwich
75,80,10,4,11.1053,13,7,2.15201,2019-10-06 14:00:00,1376044,74,0.2325,5,1,0.5954,10.8846,10,3,0.1721,1.27044,11718,EPL,1,2019,Chelsea,Southampton
76,238,5,0,6.7273,9,3,0.353724,2019-10-05 15:00:00,1376046,90,0.212,2,0,0.0628,19.3750,8,2,0.7252,1.44318,11719,EPL,1,2019,Sheffield United,Watford
77,78,7,2,20.0714,7,4,2.0682,2019-10-05 17:30:00,1376048,81,0.2336,7,1,0.6252,14.7895,9,4,0.1412,1.23577,11720,EPL,1,2019,Crystal Palace,West Ham
78,89,5,0,6.8182,12,3,0.969204,2019-10-06 16:30:00,1376040,86,0.346,1,1,0.4259,28.4545,12,2,0.2281,0.650296,11721,EPL,1,2019,Manchester United,Newcastle United
79,73,7,0,10.2174,10,2,0.683967,2019-10-06 14:00:00,1376030,83,0.3114,10,1,0.167,7.0286,12,2,0.5216,1.24109,11722,EPL,1,2019,Bournemouth,Arsenal
80,220,10,1,9.5238,20,5,1.32184,2019-10-19 15:00:00,1376050,71,0.1481,7,2,0.098,15.0556,24,8,0.7539,2.96692,11723,EPL,1,2019,Brighton,Aston Villa
81,79,5,0,11.8333,10,1,0.402873,2019-10-19 15:00:00,1376052,73,0.4302,7,0,0.1861,12.7000,11,2,0.3837,0.675554,11724,EPL,1,2019,Norwich,Bournemouth
82,86,1,0,23.5000,5,0,0.197082,2019-10-19 15:00:00,1376054,80,0.0932,12,1,0.0132,4.6522,16,8,0.8936,2.30068,11725,EPL,1,2019,Newcastle United,Chelsea
83,88,21,2,6.7368,21,10,4.02104,2019-10-19 17:30:00,1376056,78,0.0293,5,0,0.9637,18.5789,7,2,0.007,0.616864,11726,EPL,1,2019,Manchester City,Crystal Palace
84,81,3,0,10.0526,8,4,0.459112,2019-10-19 12:30:00,1376058,72,0.1277,11,2,0.042,5.7188,19,10,0.8303,2.23324,11727,EPL,1,2019,West Ham,Everton
85,92,3,1,15.2000,13,4,1.79569,2019-10-19 15:00:00,1376060,75,0.2209,6,2,0.6484,7.6000,19,3,0.1307,0.8291,11728,EPL,1,2019,Burnley,Leicester
86,87,7,1,5.1724,10,4,1.03212,2019-10-20 16:30:00,1376062,89,0.3812,1,1,0.3797,31.5000,7,2,0.2391,0.791862,11729,EPL,1,2019,Liverpool,Manchester United
87,83,8,0,5.9444,9,3,0.949735,2019-10-21 20:00:00,1376064,238,0.3964,6,1,0.311,12.2143,8,2,0.2926,0.895722,11730,EPL,1,2019,Arsenal,Sheffield United
88,90,2,1,18.8947,7,2,0.846851,2019-10-19 15:00:00,1376066,82,0.3494,10,1,0.3008,7.4348,12,2,0.3498,0.891617,11731,EPL,1,2019,Watford,Tottenham
89,74,5,1,12.0417,14,5,1.37695,2019-10-19 15:00:00,1376068,229,0.3345,3,1,0.4637,14.6667,4,1,0.2018,0.887495,11732,EPL,1,2019,Southampton,Wolverhampton Wanderers
90,78,1,2,26.3000,10,4,1.77892,2019-10-27 16:30:00,1376070,83,0.2977,8,2,0.4348,7.6667,15,6,0.2675,1.54014,11733,EPL,1,2019,Crystal Palace,Arsenal
91,72,7,2,11.6786,10,6,1.04723,2019-10-26 15:00:00,1376072,220,0.3492,4,3,0.2771,8.4643,8,4,0.3737,1.15279,11734,EPL,1,2019,Everton,Brighton
92,80,6,4,10.4737,16,7,0.988321,2019-10-26 17:30:00,1376074,92,0.1734,8,2,0.1072,15.9600,13,5,0.7194,2.23494,11735,EPL,1,2019,Chelsea,Burnley
93,82,4,1,32.3000,11,4,1.35143,2019-10-27 16:30:00,1376076,87,0.2368,13,2,0.1725,5.0690,21,13,0.5907,2.18851,11736,EPL,1,2019,Tottenham,Liverpool
94,71,3,0,26.7000,11,5,0.980145,2019-10-26 12:30:00,1376306,88,0.1,18,3,0.0483,8.0833,25,9,0.8517,3.19004,11737,EPL,1,2019,Aston Villa,Manchester City
95,229,6,1,9.6000,13,5,1.93255,2019-10-27 14:00:00,1375975,86,0.1803,3,1,0.7433,38.6250,13,2,0.0764,0.603104,11738,EPL,1,2019,Wolverhampton Wanderers,Newcastle United
96,89,6,3,9.5000,21,11,4.51232,2019-10-27 16:30:00,1375976,79,0.0224,6,1,0.9697,8.6538,10,3,0.0079,0.8924,11739,EPL,1,2019,Manchester United,Norwich
97,75,9,9,3.1892,25,15,4.38046,2019-10-25 20:00:00,1375977,74,0.0132,1,0,0.9836,17.0476,6,3,0.0032,0.457334,11740,EPL,1,2019,Leicester,Southampton
98,73,3,0,9.3684,15,5,0.899526,2019-10-26 15:00:00,1375978,90,0.3633,5,0,0.3784,13.1538,7,3,0.2583,0.674903,11741,EPL,1,2019,Bournemouth,Watford
99,238,7,1,14.4286,10,4,1.16171,2019-10-26 15:00:00,1375979,81,0.1979,9,1,0.1004,10.1250,12,4,0.7017,2.33891,11742,EPL,1,2019,Sheffield United,West Ham
100,229,6,1,11.7600,25,8,1.5103,2019-11-02 15:00:00,1375980,83,0.281,9,1,0.4856,14.0714,10,4,0.2334,1.02552,11743,EPL,1,2019,Wolverhampton Wanderers,Arsenal
101,87,16,2,4.4000,25,6,2.38824,2019-11-02 15:00:00,1375981,71,0.1563,2,1,0.7706,20.9286,5,2,0.0731,0.741615,11744,EPL,1,2019,Liverpool,Aston Villa
102,89,4,0,8.5000,15,4,0.641129,2019-11-02 12:30:00,1375982,73,0.1875,3,1,0.081,8.2593,12,6,0.7315,1.86862,11745,EPL,1,2019,Manchester United,Bournemouth
103,79,5,0,15.2105,7,0,0.455082,2019-11-02 15:00:00,1375983,220,0.094,15,2,0.0277,6.9677,21,5,0.8783,2.65496,11746,EPL,1,2019,Norwich,Brighton
104,75,5,2,6.4138,14,5,0.981167,2019-11-03 14:00:00,1375984,78,0.3517,5,0,0.4933,17.8000,12,3,0.155,0.44291,11747,EPL,1,2019,Leicester,Crystal Palace
105,82,1,1,10.2222,4,2,0.243393,2019-11-03 16:30:00,1375985,72,0.2752,8,1,0.0616,11.2400,7,3,0.6632,1.15532,11748,EPL,1,2019,Tottenham,Everton
106,74,2,1,17.7500,3,3,0.893889,2019-11-02 15:00:00,1375987,88,0.074,31,2,0.0141,3.1923,26,4,0.9119,3.36132,11749,EPL,1,2019,Southampton,Manchester City
107,92,3,0,8.5000,6,0,0.716613,2019-11-02 15:00:00,1375989,238,0.1251,6,3,0.0449,17.7143,13,6,0.83,2.58392,11750,EPL,1,2019,Burnley,Sheffield United
108,80,8,2,11.2632,16,10,2.18313,2019-11-02 17:30:00,1375991,90,0.2538,6,1,0.5429,20.2000,12,3,0.2033,1.4744,11751,EPL,1,2019,Chelsea,Watford
109,86,5,3,14.4706,12,9,1.93192,2019-11-02 15:00:00,1375993,81,0.258,17,2,0.471,4.1667,17,6,0.271,1.53597,11752,EPL,1,2019,Newcastle United,West Ham
110,81,5,0,5.7083,7,4,0.474281,2019-11-09 15:00:00,1375995,92,0.1051,5,3,0.0363,9.0833,14,12,0.8586,2.4158,11753,EPL,1,2019,West Ham,Burnley
111,78,3,0,13.9130,3,1,0.479488,2019-11-09 12:30:00,1375997,80,0.0481,11,2,0.0096,7.7500,23,5,0.9423,3.28903,11754,EPL,1,2019,Crystal Palace,Chelsea
112,88,9,1,12.0476,18,3,1.48104,2019-11-10 16:30:00,1376001,87,0.2881,6,3,0.3992,20.4615,12,5,0.3127,1.3319,11755,EPL,1,2019,Manchester City,Liverpool
113,73,10,1,7.8235,16,3,1.9213,2019-11-09 15:00:00,1376005,86,0.2446,5,2,0.28,18.8824,20,9,0.4754,2.3306,11756,EPL,1,2019,Bournemouth,Newcastle United
114,90,3,2,15.5455,12,2,1.36017,2019-11-08 20:00:00,1376007,79,0.28,11,0,0.5615,7.5789,17,5,0.1585,0.62104,11757,EPL,1,2019,Watford,Norwich
115,72,6,2,6.5161,24,5,2.08883,2019-11-09 15:00:00,1376009,74,0.2071,1,1,0.7168,9.9412,4,3,0.0761,0.742281,11758,EPL,1,2019,Everton,Southampton
116,238,6,1,11.5172,14,4,0.923443,2019-11-09 15:00:00,1376011,82,0.2654,4,1,0.2084,9.5294,17,5,0.5262,1.5104,11759,EPL,1,2019,Sheffield United,Tottenham
117,71,0,1,6.3000,13,4,0.473225,2019-11-10 14:00:00,1376013,229,0.1511,8,2,0.055,6.5938,17,5,0.7939,2.09891,11760,EPL,1,2019,Aston Villa,Wolverhampton Wanderers
118,220,2,1,5.3143,6,2,1.1342,2019-11-10 14:00:00,1376003,89,0.0828,9,3,0.0339,11.9615,21,11,0.8833,3.65299,11761,EPL,1,2019,Brighton,Manchester United
119,83,10,0,17.1429,8,1,0.961339,2019-11-09 17:30:00,1375999,75,0.3099,14,2,0.2462,8.0882,19,7,0.4439,1.37055,11762,EPL,1,2019,Arsenal,Leicester
120,74,10,2,7.3429,21,6,2.60312,2019-11-23 15:00:00,1376015,83,0.2108,3,2,0.6224,6.0000,12,5,0.1668,1.60823,11763,EPL,1,2019,Southampton,Arsenal
121,86,3,0,17.6000,11,5,0.69784,2019-11-25 20:00:00,1376017,71,0.1083,14,2,0.0402,7.3333,17,8,0.8515,2.6985,11764,EPL,1,2019,Newcastle United,Aston Villa
122,229,7,2,13.7000,17,7,1.2765,2019-11-23 15:00:00,1376019,73,0.3272,3,1,0.4669,14.0435,9,2,0.2059,0.849789,11765,EPL,1,2019,Wolverhampton Wanderers,Bournemouth
123,75,9,2,27.0000,19,9,3.50917,2019-11-23 15:00:00,1376021,220,0.0549,8,0,0.9281,16.4667,7,0,0.017,0.784706,11766,EPL,1,2019,Leicester,Brighton
124,87,11,2,10.1111,12,4,1.64291,2019-11-23 15:00:00,1376023,78,0.2659,8,1,0.5374,21.9231,16,6,0.1967,1.02306,11767,EPL,1,2019,Liverpool,Crystal Palace
125,79,4,2,8.2174,13,5,1.80849,2019-11-23 15:00:00,1376025,72,0.2108,15,0,0.6468,5.9565,18,7,0.1424,0.812693,11768,EPL,1,2019,Norwich,Everton
126,80,6,1,18.6316,11,2,0.820474,2019-11-23 17:30:00,1376027,88,0.3041,14,2,0.2312,16.3333,15,4,0.4647,1.23596,11769,EPL,1,2019,Chelsea,Manchester City
127,89,6,3,8.6316,11,5,1.33065,2019-11-24 16:30:00,1376029,238,0.3029,3,3,0.2773,10.4839,12,8,0.4198,1.56025,11770,EPL,1,2019,Manchester United,Sheffield United
128,92,2,3,11.6250,11,5,2.66281,2019-11-23 15:00:00,1376031,90,0.1127,5,0,0.8332,5.9474,13,3,0.0541,0.902384,11771,EPL,1,2019,Burnley,Watford
129,82,3,3,9.0870,15,6,2.20681,2019-11-23 12:30:00,1376033,81,0.1533,6,2,0.7853,11.3333,11,4,0.0614,0.661449,11772,EPL,1,2019,Tottenham,West Ham
130,78,6,2,7.2917,7,2,0.936732,2019-11-30 15:00:00,1376035,92,0.2446,5,0,0.1384,8.3750,15,4,0.617,1.8509,11773,EPL,1,2019,Crystal Palace,Burnley
131,81,3,1,11.2059,5,4,1.12034,2019-11-30 15:00:00,1376037,80,0.1557,6,0,0.0792,11.3571,19,6,0.7651,2.73185,11774,EPL,1,2019,West Ham,Chelsea
132,72,1,1,18.3500,11,3,1.24986,2019-12-01 16:30:00,1376039,75,0.2153,9,2,0.1624,5.6087,16,6,0.6223,2.24348,11775,EPL,1,2019,Everton,Leicester
133,220,3,1,15.0556,12,5,0.867601,2019-11-30 15:00:00,1376041,87,0.2797,11,2,0.2159,14.9167,15,7,0.5044,1.36832,11776,EPL,1,2019,Brighton,Liverpool
134,88,12,2,4.1154,24,9,2.44389,2019-11-30 12:30:00,1376045,86,0.0872,2,2,0.8999,38.5556,6,3,0.0129,0.208252,11777,EPL,1,2019,Manchester City,Newcastle United
135,90,5,1,14.2000,6,3,0.504005,2019-11-30 17:30:00,1376049,74,0.1455,8,2,0.0285,7.5556,11,6,0.826,1.9671,11778,EPL,1,2019,Watford,Southampton
136,73,6,2,8.5625,20,6,1.02949,2019-11-30 15:00:00,1376051,82,0.1241,9,3,0.0691,8.8889,15,5,0.8068,2.93189,11779,EPL,1,2019,Bournemouth,Tottenham
137,238,8,1,7.8919,9,4,1.47296,2019-12-01 14:00:00,1376053,229,0.2737,4,1,0.4116,7.5714,13,3,0.3147,1.27422,11780,EPL,1,2019,Sheffield United,Wolverhampton Wanderers
138,83,10,2,7.8846,16,7,1.96157,2019-12-01 14:00:00,1376047,79,0.191,2,2,0.7075,24.6667,15,7,0.1015,0.810596,11781,EPL,1,2019,Arsenal,Norwich
139,71,3,2,12.0000,9,3,1.29701,2019-12-01 16:30:00,1376043,89,0.2793,13,2,0.2193,6.6522,16,6,0.5014,1.84804,11782,EPL,1,2019,Aston Villa,Manchester United
140,220,4,2,8.3929,20,9,1.53446,2019-12-05 20:15:00,1376055,83,0.2568,6,1,0.5142,13.9375,12,5,0.229,0.965377,11783,EPL,1,2019,Brighton,Arsenal
141,88,13,4,11.2000,17,8,2.56057,2019-12-03 20:15:00,1376057,92,0.0891,3,1,0.8859,25.9375,4,2,0.025,0.486548,11784,EPL,1,2019,Manchester City,Burnley
142,90,4,0,13.5417,4,1,0.199733,2019-12-04 19:30:00,1376059,75,0.0706,9,2,0.0095,7.1905,12,6,0.9199,2.28735,11785,EPL,1,2019,Watford,Leicester
143,86,3,2,60.0000,6,4,0.533775,2019-12-05 19:30:00,1376061,238,0.3343,13,0,0.1618,7.3125,13,6,0.5039,1.09175,11786,EPL,1,2019,Newcastle United,Sheffield United
144,81,4,0,9.8462,6,3,0.501977,2019-12-04 19:30:00,1376063,229,0.1951,5,2,0.0699,9.2581,13,7,0.735,1.82237,11787,EPL,1,2019,West Ham,Wolverhampton Wanderers
145,82,2,1,8.4815,8,5,0.542315,2019-12-04 19:30:00,1376065,89,0.2512,1,2,0.092,7.3684,12,7,0.6568,1.47683,11788,EPL,1,2019,Tottenham,Manchester United
146,71,2,1,13.8929,9,3,0.86086,2019-12-04 19:30:00,1376067,80,0.2192,14,2,0.1314,6.9615,25,9,0.6494,1.9774,11789,EPL,1,2019,Aston Villa,Chelsea
147,79,3,1,13.8333,10,3,0.896647,2019-12-04 19:30:00,1376069,74,0.2089,9,2,0.1047,9.3056,14,5,0.6864,2.00232,11790,EPL,1,2019,Norwich,Southampton
148,73,10,0,5.6190,6,3,0.342799,2019-12-03 19:30:00,1376071,78,0.5482,6,1,0.2126,20.3333,7,2,0.2392,0.383763,11791,EPL,1,2019,Bournemouth,Crystal Palace
149,72,6,2,9.0000,12,4,1.76453,2019-12-04 20:15:00,1376073,87,0.2329,10,5,0.2344,9.6842,11,5,0.5327,2.41397,11792,EPL,1,2019,Everton,Liverpool
150,75,17,4,4.2963,23,8,4.03286,2019-12-08 14:00:00,1376075,71,0.0624,12,1,0.9137,8.6667,15,2,0.0239,1.24141,11793,EPL,1,2019,Leicester,Aston Villa
151,87,19,3,9.3529,22,9,3.04446,2019-12-07 15:00:00,1376077,73,0.0368,2,0,0.9586,43.9167,3,0,0.0046,0.154608,11794,EPL,1,2019,Liverpool,Bournemouth
152,229,11,2,23.1333,13,5,1.87208,2019-12-08 16:30:00,1376300,220,0.2284,6,2,0.6229,5.8667,13,4,0.1487,0.951621,11795,EPL,1,2019,Wolverhampton Wanderers,Brighton
153,80,17,1,4.6111,15,4,1.25734,2019-12-07 12:30:00,1376285,72,0.2352,5,3,0.1907,8.9744,13,7,0.5741,2.03892,11796,EPL,1,2019,Chelsea,Everton
154,89,8,2,20.8462,11,7,1.63385,2019-12-07 17:30:00,1376286,88,0.2472,23,1,0.2832,3.7429,21,5,0.4696,2.07108,11797,EPL,1,2019,Manchester United,Manchester City
155,74,6,1,4.8667,19,4,1.89255,2019-12-08 14:00:00,1376287,86,0.2549,3,2,0.5764,13.8000,12,6,0.1687,1.10449,11798,EPL,1,2019,Southampton,Newcastle United
156,238,2,2,11.1200,9,3,0.712899,2019-12-08 14:00:00,1376288,79,0.4017,7,1,0.3485,12.3750,14,4,0.2498,0.585805,11799,EPL,1,2019,Sheffield United,Norwich
157,92,1,0,11.2963,7,1,1.08645,2019-12-07 15:00:00,1376289,82,0.1919,3,5,0.0863,11.0000,13,7,0.7218,2.39684,11800,EPL,1,2019,Burnley,Tottenham
158,78,2,0,9.0500,3,0,0.210746,2019-12-07 15:00:00,1376290,90,0.1733,7,0,0.0273,10.5000,13,3,0.7994,1.57132,11801,EPL,1,2019,Crystal Palace,Watford
159,83,7,3,23.1667,10,3,1.79181,2019-12-09 20:00:00,1376291,81,0.1861,4,1,0.7409,12.1351,11,4,0.073,0.521847,11802,EPL,1,2019,Arsenal,West Ham
160,88,6,3,8.5135,14,7,1.69553,2019-12-15 16:30:00,1376292,83,0.1757,1,0,0.7823,18.1304,6,1,0.042,0.28161,11803,EPL,1,2019,Manchester City,Arsenal
161,86,2,0,10.4500,9,0,1.08726,2019-12-14 15:00:00,1376293,92,0.3378,2,1,0.2201,7.1481,7,4,0.4421,1.43602,11804,EPL,1,2019,Newcastle United,Burnley
162,73,3,1,17.2105,11,2,1.20777,2019-12-14 15:00:00,1376294,80,0.2294,6,0,0.2046,4.5333,18,5,0.566,2.02119,11805,EPL,1,2019,Bournemouth,Chelsea
163,220,11,1,5.2500,15,10,2.48355,2019-12-16 19:45:00,1376295,78,0.081,5,1,0.8976,19.3125,11,4,0.0214,0.484859,11806,EPL,1,2019,Brighton,Crystal Palace
164,79,7,1,11.5000,10,3,1.16408,2019-12-14 15:00:00,1376296,75,0.3038,5,1,0.3918,7.0333,18,5,0.3044,1.06421,11807,EPL,1,2019,Norwich,Leicester
165,90,7,0,17.7727,8,2,1.01166,2019-12-14 12:30:00,1376297,87,0.2644,10,2,0.2176,5.0385,16,6,0.518,1.56674,11808,EPL,1,2019,Watford,Liverpool
166,72,2,1,11.2500,8,3,0.276759,2019-12-15 14:00:00,1376298,89,0.2244,4,1,0.0585,8.9091,24,8,0.7171,1.48327,11809,EPL,1,2019,Everton,Manchester United
167,71,1,0,10.8500,8,0,0.97258,2019-12-14 15:00:00,1376299,238,0.2565,13,2,0.1115,8.0000,7,3,0.632,1.888,11810,EPL,1,2019,Aston Villa,Sheffield United
168,81,8,1,11.9500,11,4,0.90324,2019-12-14 17:30:00,1376301,74,0.3452,7,0,0.3438,7.7222,11,2,0.311,0.805884,11811,EPL,1,2019,West Ham,Southampton
169,82,10,2,8.6923,9,5,0.989205,2019-12-15 14:00:00,1376302,229,0.3386,8,1,0.421,6.6774,18,5,0.2404,0.718669,11812,EPL,1,2019,Tottenham,Wolverhampton Wanderers
170,74,5,3,12.0000,17,8,2.63444,2019-12-21 15:00:00,1376303,71,0.1332,6,1,0.7967,10.4375,19,5,0.0701,0.921054,11813,EPL,1,2019,Southampton,Aston Villa
171,92,0,1,8.3929,2,1,0.144318,2019-12-21 15:00:00,1376304,73,0.7656,6,0,0.1191,5.5556,3,0,0.1153,0.138532,11814,EPL,1,2019,Burnley,Bournemouth
172,238,1,1,20.2222,7,2,1.65933,2019-12-21 15:00:00,1376305,220,0.1924,9,0,0.7427,8.5333,9,2,0.0649,0.428371,11815,EPL,1,2019,Sheffield United,Brighton
173,83,1,0,8.0435,6,2,0.881818,2019-12-21 12:30:00,1376265,72,0.3613,8,0,0.4781,12.4231,9,0,0.1606,0.486523,11816,EPL,1,2019,Arsenal,Everton
174,75,0,1,32.9167,5,2,1.01388,2019-12-21 17:30:00,1376266,88,0.0714,17,3,0.0254,8.6250,23,12,0.9032,3.59139,11817,EPL,1,2019,Leicester,Manchester City
175,78,14,0,8.6522,16,4,0.985368,2019-12-21 15:00:00,1376267,86,0.3549,6,1,0.3897,12.5000,8,3,0.2554,0.714368,11818,EPL,1,2019,Crystal Palace,Newcastle United
176,229,2,2,9.4615,14,4,1.65224,2019-12-21 15:00:00,1376268,79,0.2668,4,1,0.4717,14.5882,13,7,0.2615,1.26536,11819,EPL,1,2019,Wolverhampton Wanderers,Norwich
177,80,8,2,10.4000,13,3,1.49374,2019-12-22 16:30:00,1376269,82,0.1922,7,0,0.7672,12.7826,5,1,0.0406,0.276667,11820,EPL,1,2019,Chelsea,Tottenham
178,89,8,0,5.4167,17,8,1.5309,2019-12-22 14:00:00,1376270,90,0.2811,8,2,0.3398,8.8750,11,3,0.3791,1.59291,11821,EPL,1,2019,Manchester United,Watford
179,87,11,2,7.4815,13,5,2.59926,2020-01-29 19:45:00,1376271,81,0.1417,2,0,0.8091,38.3571,7,4,0.0492,0.878341,11822,EPL,1,2019,Liverpool,West Ham
180,79,3,0,9.2222,16,6,1.45005,2019-12-26 15:00:00,1376272,71,0.2584,4,1,0.5827,11.5217,11,2,0.1589,0.654194,11823,EPL,1,2019,Norwich,Aston Villa
181,83,13,1,7.6538,17,2,1.42464,2019-12-26 15:00:00,1376273,73,0.2741,9,1,0.3177,23.8000,12,4,0.4082,1.55463,11824,EPL,1,2019,Arsenal,Bournemouth
182,74,2,2,12.5357,5,3,0.981321,2019-12-26 15:00:00,1376274,80,0.3415,10,0,0.3758,5.1111,10,3,0.2827,0.859973,11825,EPL,1,2019,Southampton,Chelsea
183,81,8,1,9.9091,10,2,0.796338,2019-12-26 15:00:00,1376275,78,0.1812,12,2,0.0887,9.9412,13,4,0.7301,2.14195,11826,EPL,1,2019,West Ham,Crystal Palace
184,92,1,0,13.0833,6,0,0.565252,2019-12-26 15:00:00,1376276,72,0.2726,2,1,0.1056,5.5263,21,5,0.6218,1.47521,11827,EPL,1,2019,Burnley,Everton
185,87,6,4,11.4348,15,6,3.76973,2019-12-26 20:00:00,1376277,75,0.0086,3,0,0.9911,20.4706,3,0,0.0003,0.120994,11828,EPL,1,2019,Liverpool,Leicester
186,86,4,1,40.4545,7,2,1.05018,2019-12-26 17:30:00,1376278,89,0.2376,6,4,0.1504,5.5185,22,10,0.612,1.99638,11829,EPL,1,2019,Newcastle United,Manchester United
187,90,6,1,20.4286,5,2,0.596611,2019-12-26 15:00:00,1376279,238,0.1616,6,1,0.0541,13.2000,16,4,0.7843,2.04481,11830,EPL,1,2019,Watford,Sheffield United
188,220,2,1,9.6923,11,5,1.09007,2019-12-26 12:30:00,1376280,82,0.3158,7,2,0.3674,10.1250,11,5,0.3168,1.02645,11831,EPL,1,2019,Brighton,Tottenham
189,88,1,2,18.8000,7,3,1.52044,2019-12-27 19:45:00,1376281,229,0.2356,4,3,0.1516,13.0588,20,8,0.6128,2.39405,11832,EPL,1,2019,Manchester City,Wolverhampton Wanderers
190,80,8,2,6.8947,13,4,1.49666,2019-12-29 14:00:00,1376282,83,0.2709,7,1,0.5657,14.0435,7,2,0.1634,0.785214,11833,EPL,1,2019,Chelsea,Arsenal
191,73,5,0,17.1250,10,2,0.500726,2019-12-28 12:30:00,1376283,220,0.3292,11,2,0.158,9.3750,16,6,0.5128,1.05876,11834,EPL,1,2019,Bournemouth,Brighton
192,89,9,2,8.3333,14,5,2.10542,2019-12-28 19:45:00,1376284,92,0.1155,3,0,0.8563,13.5000,8,1,0.0282,0.386662,11835,EPL,1,2019,Manchester United,Burnley
193,229,3,0,21.3333,10,2,0.363764,2019-12-29 16:30:00,1376082,87,0.224,14,1,0.0668,6.2667,10,3,0.7092,1.49124,11836,EPL,1,2019,Wolverhampton Wanderers,Liverpool
194,238,2,0,34.5714,8,0,1.23346,2019-12-29 18:00:00,1376086,88,0.3003,9,2,0.3953,10.9231,16,4,0.3044,1.08628,11837,EPL,1,2019,Sheffield United,Manchester City
195,72,6,2,8.5000,22,9,2.82576,2019-12-28 15:00:00,1376090,86,0.1764,6,1,0.6655,14.7059,20,5,0.1581,1.63211,11838,EPL,1,2019,Everton,Newcastle United
196,82,11,2,9.8000,15,7,1.82189,2019-12-28 17:30:00,1376094,79,0.141,4,2,0.8327,8.4667,5,2,0.0263,0.268052,11839,EPL,1,2019,Tottenham,Norwich
197,78,2,1,19.3571,5,2,0.137837,2019-12-28 15:00:00,1376098,74,0.1989,4,1,0.0256,5.4118,14,5,0.7755,1.47937,11840,EPL,1,2019,Crystal Palace,Southampton
198,71,6,0,16.0000,11,2,0.610997,2019-12-28 15:00:00,1376102,90,0.0573,8,3,0.0161,8.7600,20,7,0.9266,3.25314,11841,EPL,1,2019,Aston Villa,Watford
199,75,8,2,7.5909,13,8,2.62349,2019-12-28 17:30:00,1376106,81,0.1144,7,1,0.834,8.9412,14,4,0.0516,0.782104,11842,EPL,1,2019,Leicester,West Ham
200,73,4,0,15.9333,3,2,0.720709,2020-01-01 17:30:00,1376080,81,0.1575,8,4,0.0391,22.5263,14,7,0.8034,2.32825,11843,EPL,1,2019,Bournemouth,West Ham
201,89,5,0,11.2414,10,4,0.715563,2020-01-01 20:00:00,1376110,83,0.2018,8,2,0.0841,13.5652,10,4,0.7141,1.90747,11844,EPL,1,2019,Manchester United,Arsenal
202,80,7,1,8.5313,16,5,1.57497,2020-01-01 12:30:00,1376114,220,0.2959,10,1,0.3458,12.1481,16,5,0.3583,1.56978,11845,EPL,1,2019,Chelsea,Brighton
203,71,5,2,26.5000,11,6,1.74824,2020-01-01 12:30:00,1376118,92,0.2321,9,1,0.2359,7.9444,20,1,0.532,2.34418,11846,EPL,1,2019,Aston Villa,Burnley
204,238,7,0,32.6842,3,2,0.634607,2020-01-02 20:00:00,1376122,87,0.0591,16,2,0.0081,14.5833,19,7,0.9328,3.0465,11847,EPL,1,2019,Sheffield United,Liverpool
205,72,2,1,22.5217,7,2,0.848942,2020-01-01 17:30:00,1376126,88,0.2598,9,2,0.1318,10.2800,16,7,0.6084,1.79757,11848,EPL,1,2019,Everton,Manchester City
206,75,16,3,3.5882,17,10,2.43642,2020-01-01 15:00:00,1376130,86,0.1446,2,0,0.8116,39.9231,5,2,0.0438,0.780118,11849,EPL,1,2019,Leicester,Newcastle United
207,78,7,1,8.0000,12,3,1.29896,2020-01-01 17:30:00,1376134,79,0.2915,7,1,0.2607,11.2727,15,4,0.4478,1.66454,11850,EPL,1,2019,Crystal Palace,Norwich
208,82,4,0,6.4348,11,5,1.078,2020-01-01 15:00:00,1376138,74,0.2856,4,1,0.2413,6.3750,12,3,0.4731,1.51192,11851,EPL,1,2019,Tottenham,Southampton
209,229,7,1,8.4500,16,4,1.23252,2020-01-01 15:00:00,1376142,90,0.298,7,2,0.3906,20.1176,9,3,0.3114,1.07053,11852,EPL,1,2019,Wolverhampton Wanderers,Watford
210,86,2,1,16.6957,5,1,0.184495,2020-01-11 15:00:00,1376120,229,0.089,2,1,0.0111,4.7333,9,4,0.8999,2.04805,11853,EPL,1,2019,Newcastle United,Wolverhampton Wanderers
211,87,21,1,12.3000,13,7,1.74564,2020-01-11 17:30:00,1376116,82,0.2573,4,0,0.5332,29.9375,14,4,0.2095,1.10584,11854,EPL,1,2019,Liverpool,Tottenham
212,81,3,0,10.9474,7,2,0.90477,2020-01-10 20:00:00,1376112,238,0.207,4,1,0.1231,9.9286,13,3,0.6699,2.02768,11855,EPL,1,2019,West Ham,Sheffield United
213,88,20,6,7.6333,22,12,3.75131,2020-01-12 16:30:00,1376084,71,0.0804,1,1,0.8927,34.3125,7,1,0.0269,1.12565,11856,EPL,1,2019,Manchester City,Aston Villa
214,90,7,3,11.4400,18,6,2.29827,2020-01-12 14:00:00,1376088,73,0.1044,5,0,0.8733,13.0667,10,1,0.0223,0.320447,11857,EPL,1,2019,Watford,Bournemouth
215,92,1,0,28.8182,7,3,0.717407,2020-01-11 15:00:00,1376092,80,0.097,10,3,0.0247,9.5882,18,8,0.8783,2.87633,11858,EPL,1,2019,Burnley,Chelsea
216,83,8,1,5.6875,7,4,1.43924,2020-01-11 12:30:00,1376096,78,0.1698,5,1,0.7985,8.8182,6,3,0.0317,0.317862,11859,EPL,1,2019,Arsenal,Crystal Palace
217,220,6,0,17.4375,9,2,1.53324,2020-01-11 15:00:00,1376100,72,0.2518,10,1,0.2579,8.6897,14,6,0.4903,2.02533,11860,EPL,1,2019,Brighton,Everton
218,74,3,2,7.7273,16,10,2.40601,2020-01-11 15:00:00,1376104,75,0.151,2,1,0.7887,12.0000,5,5,0.0603,0.780114,11861,EPL,1,2019,Southampton,Leicester
219,79,4,0,15.8947,8,3,0.275987,2020-01-11 15:00:00,1376108,89,0.0254,17,4,0.0033,5.0000,13,6,0.9713,3.13456,11862,EPL,1,2019,Norwich,Manchester United
220,238,1,1,8.9722,12,4,1.18444,2020-01-18 15:00:00,1376124,83,0.3268,6,1,0.3205,9.4444,11,4,0.3527,1.22882,11863,EPL,1,2019,Sheffield United,Arsenal
221,78,2,2,29.5000,5,3,0.586716,2020-01-18 15:00:00,1376140,88,0.1309,23,2,0.0391,4.9231,25,6,0.83,2.47314,11864,EPL,1,2019,Crystal Palace,Manchester City
222,89,5,0,15.0000,9,4,1.4185,2020-01-19 16:30:00,1376136,87,0.258,12,2,0.2397,11.0000,16,5,0.5023,2.00655,11865,EPL,1,2019,Manchester United,Liverpool
223,75,14,1,9.8261,18,8,2.33415,2020-01-19 14:00:00,1376132,92,0.2598,3,2,0.5854,9.7200,8,5,0.1548,1.50886,11866,EPL,1,2019,Leicester,Burnley
224,71,4,1,10.7778,8,3,1.02045,2020-01-18 15:00:00,1376128,220,0.3044,7,1,0.2626,7.2414,10,2,0.433,1.30028,11867,EPL,1,2019,Aston Villa,Brighton
225,80,11,0,4.2333,19,4,2.05436,2020-01-18 17:30:00,1376144,86,0.2097,3,1,0.6727,23.2727,7,2,0.1176,0.892988,11868,EPL,1,2019,Chelsea,Newcastle United
226,73,4,0,13.7500,6,3,0.558298,2020-01-18 15:00:00,1376147,79,0.2016,6,1,0.0727,9.7647,16,5,0.7257,1.76046,11869,EPL,1,2019,Bournemouth,Norwich
227,229,5,3,15.3077,8,4,2.1772,2020-01-18 15:00:00,1376150,74,0.1631,2,2,0.759,5.1944,11,5,0.0779,0.786974,11870,EPL,1,2019,Wolverhampton Wanderers,Southampton
228,82,13,0,7.2941,16,5,1.76697,2020-01-18 12:30:00,1376153,90,0.2236,9,0,0.2379,9.1667,15,2,0.5385,2.39174,11871,EPL,1,2019,Tottenham,Watford
229,72,4,1,8.2593,11,3,1.95473,2020-01-18 15:00:00,1376155,81,0.2539,2,1,0.4413,9.8000,12,6,0.3048,1.68436,11872,EPL,1,2019,Everton,West Ham
230,90,1,1,9.2727,8,2,1.81101,2020-01-21 19:30:00,1376078,71,0.2474,6,2,0.5925,6.1739,16,5,0.1601,1.06739,11873,EPL,1,2019,Watford,Aston Villa
231,87,2,2,11.8889,13,6,1.59024,2020-01-23 20:00:00,1376097,229,0.25,4,1,0.2988,22.3750,10,3,0.4512,1.85442,11874,EPL,1,2019,Liverpool,Wolverhampton Wanderers
232,88,11,1,8.8333,18,5,2.873,2020-01-21 19:30:00,1376093,238,0.0931,6,0,0.8841,23.0000,4,1,0.0228,0.774943,11875,EPL,1,2019,Manchester City,Sheffield United
233,81,2,1,15.8000,6,2,1.16254,2020-01-22 19:30:00,1376089,75,0.1353,18,4,0.0357,5.9545,19,8,0.829,2.91302,11876,EPL,1,2019,West Ham,Leicester
234,86,2,2,15.0870,9,3,0.570931,2020-01-21 19:30:00,1376085,72,0.1706,5,2,0.0635,11.7200,17,8,0.7659,2.05254,11877,EPL,1,2019,Newcastle United,Everton
235,220,4,1,6.4286,21,8,1.97227,2020-01-21 19:30:00,1376081,73,0.2752,6,3,0.3763,11.1290,11,3,0.3485,1.92315,11878,EPL,1,2019,Brighton,Bournemouth
236,92,3,2,13.8846,5,2,0.717284,2020-01-22 20:15:00,1376101,89,0.2893,11,0,0.1792,10.9000,24,7,0.5315,1.416,11879,EPL,1,2019,Burnley,Manchester United
237,79,11,1,14.2353,13,2,1.42472,2020-01-22 19:30:00,1376109,82,0.2549,7,2,0.1475,9.0323,14,3,0.5976,2.22282,11880,EPL,1,2019,Norwich,Tottenham
238,83,2,2,21.6667,2,2,0.568077,2020-01-21 20:15:00,1376105,80,0.0418,21,2,0.0058,8.3214,19,8,0.9524,3.38612,11881,EPL,1,2019,Arsenal,Chelsea
239,74,8,2,4.5000,15,6,1.1306,2020-01-21 19:30:00,1376113,78,0.3236,9,0,0.4788,7.8333,6,0,0.1976,0.674589,11882,EPL,1,2019,Southampton,Crystal Palace
240,71,7,1,7.6429,17,4,1.40955,2020-02-01 15:00:00,1376117,73,0.1708,8,2,0.1281,10.0000,16,6,0.7011,2.72236,11883,EPL,1,2019,Aston Villa,Bournemouth
241,83,4,0,6.6364,13,2,1.48025,2020-02-02 14:00:00,1376121,92,0.2186,4,0,0.2042,11.1667,15,2,0.5772,2.24562,11884,EPL,1,2019,Arsenal,Burnley
242,238,4,1,10.3103,10,3,0.860755,2020-02-01 15:00:00,1376125,78,0.3416,6,0,0.3019,11.0000,13,3,0.3565,0.970063,11885,EPL,1,2019,Sheffield United,Crystal Palace
243,80,8,2,14.6316,7,3,0.806995,2020-02-01 12:30:00,1376129,75,0.2617,5,2,0.1496,7.8485,14,4,0.5887,1.65956,11886,EPL,1,2019,Chelsea,Leicester
244,74,7,0,12.7391,17,4,0.716298,2020-02-01 15:00:00,1376133,87,0.035,8,4,0.0085,6.2273,16,9,0.9565,3.7195,11887,EPL,1,2019,Southampton,Liverpool
245,229,4,0,9.3448,15,4,1.54211,2020-02-01 17:30:00,1376137,89,0.2711,7,0,0.4525,7.2414,16,5,0.2764,1.18608,11888,EPL,1,2019,Wolverhampton Wanderers,Manchester United
246,79,9,0,7.6923,19,4,2.39985,2020-02-01 15:00:00,1376141,86,0.1615,2,0,0.755,11.3182,15,5,0.0835,0.937293,11889,EPL,1,2019,Norwich,Newcastle United
247,88,21,0,7.3200,19,6,3.25139,2020-02-02 16:30:00,1376145,82,0.0363,6,2,0.9568,21.4118,3,3,0.0069,0.420293,11890,EPL,1,2019,Manchester City,Tottenham
248,72,5,3,8.2857,12,5,2.70178,2020-02-01 15:00:00,1376148,90,0.12,2,2,0.8414,9.2400,11,2,0.0386,0.919248,11891,EPL,1,2019,Everton,Watford
249,220,9,3,6.3333,19,6,2.03179,2020-02-01 15:00:00,1376151,81,0.2356,5,3,0.5502,17.3333,12,6,0.2142,1.30774,11892,EPL,1,2019,Brighton,West Ham
250,86,4,0,19.5556,10,2,1.16662,2020-02-16 16:30:00,1376154,83,0.126,16,4,0.0622,5.6552,15,7,0.8118,3.02257,11893,EPL,1,2019,Newcastle United,Arsenal
251,82,9,3,8.7241,23,10,3.86024,2020-02-16 14:00:00,1376079,71,0.1094,8,2,0.8145,9.4762,18,4,0.0761,1.71313,11894,EPL,1,2019,Tottenham,Aston Villa
252,90,3,1,15.3636,5,2,0.280048,2020-02-08 17:30:00,1376083,220,0.4184,7,1,0.1185,7.1500,10,2,0.4631,0.76201,11895,EPL,1,2019,Watford,Brighton
253,89,2,2,13.0357,9,3,0.681814,2020-02-17 20:00:00,1376087,80,0.3491,11,0,0.2594,8.9583,17,1,0.3915,0.940204,11896,EPL,1,2019,Manchester United,Chelsea
254,78,8,1,7.8636,10,2,0.865323,2020-02-08 12:30:00,1376091,72,0.1105,2,3,0.0367,8.1290,14,8,0.8528,2.79103,11897,EPL,1,2019,Crystal Palace,Everton
255,81,1,0,25.8235,3,0,0.0895892,2020-02-19 19:30:00,1376095,88,0.0955,13,2,0.0077,10.2308,20,7,0.8968,2.13777,11898,EPL,1,2019,West Ham,Manchester City
256,87,13,1,8.1481,17,6,2.07331,2020-02-15 17:30:00,1376099,79,0.1252,3,0,0.8486,45.4286,5,1,0.0262,0.383495,11899,EPL,1,2019,Liverpool,Norwich
257,73,8,1,10.1500,10,2,1.07183,2020-02-09 14:00:00,1376103,238,0.226,10,2,0.1357,9.3684,16,6,0.6383,2.04467,11900,EPL,1,2019,Bournemouth,Sheffield United
258,92,2,2,9.9200,9,6,0.892699,2020-02-15 12:30:00,1376107,74,0.3497,6,1,0.3985,7.4444,10,2,0.2518,0.694025,11901,EPL,1,2019,Burnley,Southampton
259,75,3,0,6.5000,9,3,0.527366,2020-02-14 20:00:00,1376111,229,0.311,6,0,0.1607,15.3889,15,3,0.5283,1.14491,11902,EPL,1,2019,Leicester,Wolverhampton Wanderers
260,72,1,2,10.7778,17,5,2.65691,2020-02-23 16:30:00,1376115,83,0.1757,5,3,0.7284,13.6000,9,4,0.0959,1.33567,11903,EPL,1,2019,Everton,Arsenal
261,88,12,1,6.0667,18,7,2.42749,2020-02-22 17:30:00,1376131,75,0.1328,3,0,0.8132,23.1250,10,3,0.054,0.723269,11904,EPL,1,2019,Manchester City,Leicester
262,86,2,0,9.6500,8,2,0.164495,2020-02-22 15:00:00,1376127,78,0.1531,8,1,0.0238,6.8780,18,9,0.8231,1.75552,11905,EPL,1,2019,Newcastle United,Crystal Palace
263,82,1,1,11.0000,5,3,0.265879,2020-02-22 12:30:00,1376123,80,0.1481,5,2,0.0306,7.5319,17,7,0.8213,1.78193,11906,EPL,1,2019,Tottenham,Chelsea
264,73,5,0,11.3636,12,4,1.75718,2020-02-22 15:00:00,1376119,92,0.1712,5,3,0.1343,10.9524,16,10,0.6945,3.09935,11907,EPL,1,2019,Bournemouth,Burnley
265,71,4,0,5.9200,4,1,0.47235,2020-02-22 15:00:00,1376146,74,0.0788,7,2,0.0198,7.4839,28,9,0.9014,3.02926,11908,EPL,1,2019,Aston Villa,Southampton
266,220,2,1,15.6667,9,2,1.06035,2020-02-22 15:00:00,1376143,238,0.2759,7,1,0.202,7.3333,13,3,0.5221,1.6597,11909,EPL,1,2019,Brighton,Sheffield United
267,90,3,0,9.1842,7,2,0.294956,2020-02-23 14:00:00,1376139,89,0.0808,8,3,0.0168,9.1818,21,9,0.9024,2.5042,11910,EPL,1,2019,Watford,Manchester United
268,81,3,2,33.7000,7,4,0.638236,2020-02-24 20:00:00,1376135,87,0.1185,14,3,0.0392,3.3611,25,7,0.8423,2.48209,11911,EPL,1,2019,West Ham,Liverpool
269,79,5,0,9.7391,6,4,0.360646,2020-02-23 14:00:00,1376149,229,0.0212,3,3,0.0027,10.5714,19,6,0.9761,3.25033,11912,EPL,1,2019,Norwich,Wolverhampton Wanderers
270,238,2,0,7.9259,5,1,0.235909,2020-06-17 17:00:00,1376152,71,0.3411,5,0,0.0792,16.2143,14,6,0.5797,1.00877,11913,EPL,1,2019,Sheffield United,Aston Villa
271,80,14,2,5.4615,23,6,1.98271,2020-02-29 15:00:00,1376207,73,0.2632,4,2,0.4725,17.2308,9,5,0.2643,1.58495,11914,EPL,1,2019,Chelsea,Bournemouth
272,78,5,1,17.0556,12,3,2.17159,2020-02-29 12:30:00,1376209,220,0.2252,8,0,0.4782,6.1739,23,8,0.2966,1.78712,11915,EPL,1,2019,Crystal Palace,Brighton
273,89,7,1,9.1176,14,5,1.12561,2020-03-01 14:00:00,1376211,72,0.1877,5,1,0.11,8.3750,16,5,0.7023,2.41259,11916,EPL,1,2019,Manchester United,Everton
274,83,1,0,26.5333,3,0,0.496759,2020-06-17 19:15:00,1376213,88,0.0832,13,3,0.0181,9.4800,20,12,0.8987,2.73725,11917,EPL,1,2019,Arsenal,Manchester City
275,92,1,0,8.8571,7,0,0.617612,2020-02-29 15:00:00,1376215,86,0.3307,5,0,0.192,6.6364,21,4,0.4773,1.11713,11918,EPL,1,2019,Burnley,Newcastle United
276,75,10,0,7.5217,19,4,1.42581,2020-02-28 20:00:00,1376217,79,0.2704,5,1,0.5902,8.1786,11,6,0.1394,0.591716,11919,EPL,1,2019,Leicester,Norwich
277,229,2,3,12.7097,14,4,2.62251,2020-03-01 14:00:00,1376219,82,0.2177,5,2,0.6396,7.0000,13,5,0.1427,1.63079,11920,EPL,1,2019,Wolverhampton Wanderers,Tottenham
278,87,12,0,11.5455,7,1,0.206031,2020-02-29 17:30:00,1376221,90,0.0442,6,3,0.0058,33.1818,14,5,0.95,2.71351,11921,EPL,1,2019,Liverpool,Watford
279,74,7,1,4.5455,10,2,0.868573,2020-02-29 15:00:00,1376223,81,0.1123,5,3,0.0542,14.5789,14,7,0.8335,2.78682,11922,EPL,1,2019,Southampton,West Ham
280,81,10,0,23.1333,14,6,1.61615,2020-03-07 15:00:00,1376226,83,0.2922,7,1,0.3649,11.8000,9,2,0.3429,1.55974,11923,EPL,1,2019,West Ham,Arsenal
281,82,4,1,12.5294,13,2,1.13669,2020-03-07 17:30:00,1376229,92,0.0881,6,1,0.0298,7.5806,21,8,0.8821,3.33302,11924,EPL,1,2019,Tottenham,Burnley
282,72,3,0,19.0870,3,1,0.445922,2020-03-08 14:00:00,1376232,80,0.1647,9,4,0.0418,12.7143,17,11,0.7935,2.02883,11925,EPL,1,2019,Everton,Chelsea
283,90,7,0,5.8387,10,3,0.449161,2020-03-07 15:00:00,1376235,78,0.3684,10,1,0.1745,10.3182,10,3,0.4571,0.856107,11926,EPL,1,2019,Watford,Crystal Palace
284,71,2,0,13.2174,4,1,0.672448,2020-03-09 20:00:00,1376238,75,0.1377,8,4,0.0432,5.3793,15,7,0.8191,2.41239,11927,EPL,1,2019,Aston Villa,Leicester
285,73,3,1,20.2941,6,4,1.29544,2020-03-07 12:30:00,1376241,87,0.2751,9,2,0.2009,4.7500,14,6,0.524,1.89453,11928,EPL,1,2019,Bournemouth,Liverpool
286,79,3,0,8.0625,12,5,2.55449,2020-03-07 15:00:00,1376247,238,0.1609,10,1,0.7702,9.9412,10,4,0.0689,1.17263,11929,EPL,1,2019,Norwich,Sheffield United
287,86,4,1,5.0000,14,7,3.06384,2020-03-07 15:00:00,1376249,74,0.0362,4,0,0.9572,12.5238,6,3,0.0066,0.348871,11930,EPL,1,2019,Newcastle United,Southampton
288,220,4,0,9.5357,7,1,0.308874,2020-03-07 15:00:00,1376251,229,0.3715,2,0,0.1178,20.0000,11,1,0.5107,0.898221,11931,EPL,1,2019,Brighton,Wolverhampton Wanderers
289,88,2,0,6.0417,7,4,0.585469,2020-03-08 16:30:00,1376244,89,0.2192,3,2,0.0449,14.7097,12,6,0.7359,1.7389,11932,EPL,1,2019,Manchester City,Manchester United
290,80,10,2,6.1250,19,5,1.14011,2020-06-21 15:15:00,1376253,71,0.2766,0,1,0.2217,22.4000,8,4,0.5017,1.57223,11933,EPL,1,2019,Chelsea,Aston Villa
291,229,8,2,16.0833,10,6,1.06433,2020-06-20 16:30:00,1376222,81,0.3138,1,0,0.5802,17.2353,7,2,0.106,0.44207,11934,EPL,1,2019,Wolverhampton Wanderers,West Ham
292,75,3,1,3.8000,15,2,1.05245,2020-06-20 11:30:00,1376220,90,0.3235,5,1,0.3502,13.3810,8,4,0.3263,1.00765,11935,EPL,1,2019,Leicester,Watford
293,89,7,1,5.5455,12,6,1.77307,2020-06-19 19:15:00,1376218,82,0.1876,1,1,0.7417,16.0526,10,3,0.0707,0.534852,11936,EPL,1,2019,Manchester United,Tottenham
294,74,8,3,5.6111,22,9,1.87099,2020-06-19 17:00:00,1376216,79,0.2043,2,0,0.6836,7.9333,9,1,0.1121,0.654932,11937,EPL,1,2019,Southampton,Norwich
295,238,4,0,15.6111,7,1,0.57107,2020-06-21 13:00:00,1376214,86,0.1441,4,3,0.0469,27.7000,12,8,0.809,2.15148,11938,EPL,1,2019,Sheffield United,Newcastle United
296,92,0,0,45.8182,1,0,0.0303408,2020-06-22 19:00:00,1376212,88,0.0241,13,5,0.0005,12.5000,19,7,0.9754,2.71096,11939,EPL,1,2019,Burnley,Manchester City
297,87,10,0,3.9706,10,3,0.659123,2020-06-21 18:00:00,1376210,72,0.4072,1,0,0.3055,18.4706,9,3,0.2873,0.621456,11940,EPL,1,2019,Liverpool,Everton
298,83,4,1,9.5625,13,6,0.69627,2020-06-20 14:00:00,1376208,220,0.3906,7,2,0.2996,17.1667,9,5,0.3098,0.670973,11941,EPL,1,2019,Arsenal,Brighton
299,78,4,2,9.7917,7,2,0.788453,2020-06-20 18:45:00,1376206,73,0.3899,6,0,0.4622,9.0000,12,1,0.1479,0.363637,11942,EPL,1,2019,Crystal Palace,Bournemouth
300,90,3,0,10.3000,10,4,0.495542,2020-06-25 17:00:00,1376224,92,0.3483,5,1,0.1665,6.7222,9,5,0.4852,0.964774,11943,EPL,1,2019,Watford,Burnley
301,81,3,0,17.0455,10,2,0.83104,2020-06-23 19:15:00,1376225,82,0.1693,8,2,0.0812,11.6429,15,4,0.7495,2.24125,11944,EPL,1,2019,West Ham,Tottenham
302,220,1,0,14.9130,9,1,1.10227,2020-06-23 17:00:00,1376230,75,0.3138,8,0,0.5662,7.5000,11,2,0.12,0.505486,11945,EPL,1,2019,Brighton,Leicester
303,88,10,1,22.7273,11,2,0.690594,2020-06-25 19:15:00,1376227,80,0.0182,7,2,0.0053,30.0769,15,10,0.9765,4.206,11946,EPL,1,2019,Manchester City,Chelsea
304,73,1,0,14.6667,4,0,0.0619009,2020-06-24 17:00:00,1376228,229,0.4655,1,1,0.0313,12.0625,10,2,0.5032,0.715002,11947,EPL,1,2019,Bournemouth,Wolverhampton Wanderers
305,72,1,1,10.5000,12,5,0.654912,2020-06-24 17:00:00,1376242,79,0.4444,2,0,0.3749,14.0909,9,1,0.1807,0.382813,11948,EPL,1,2019,Everton,Norwich
306,71,8,1,9.9130,14,2,1.22985,2020-06-24 17:00:00,1376239,86,0.2927,3,1,0.5251,9.4706,13,3,0.1822,0.661808,11949,EPL,1,2019,Aston Villa,Newcastle United
307,238,2,0,24.9412,4,1,0.108082,2020-06-24 17:00:00,1376236,89,0.0349,11,3,0.0035,12.6429,15,6,0.9616,2.8416,11950,EPL,1,2019,Sheffield United,Manchester United
308,78,0,0,79.1667,3,0,0.0645285,2020-06-24 19:15:00,1376233,87,0.0466,14,4,0.0023,5.1714,21,7,0.9511,2.56729,11951,EPL,1,2019,Crystal Palace,Liverpool
309,83,6,2,9.0833,10,5,2.18595,2020-06-25 17:00:00,1376245,74,0.1582,6,0,0.7707,7.8667,12,3,0.0711,0.738305,11952,EPL,1,2019,Arsenal,Southampton
310,79,2,0,21.6667,8,2,0.153871,2020-07-01 17:00:00,1376231,83,0.1551,6,4,0.0208,11.5000,13,8,0.8241,1.76496,11953,EPL,1,2019,Norwich,Arsenal
311,229,5,1,16.7857,9,2,0.703549,2020-06-27 11:30:00,1376234,71,0.4278,3,0,0.3922,8.7391,11,1,0.18,0.403418,11954,EPL,1,2019,Wolverhampton Wanderers,Aston Villa
312,86,9,4,17.8824,12,7,2.23457,2020-07-01 17:00:00,1376237,73,0.2189,10,1,0.6213,10.3913,12,1,0.1598,1.27503,11955,EPL,1,2019,Newcastle United,Bournemouth
313,89,9,3,15.2143,12,6,1.20903,2020-06-30 19:15:00,1376240,220,0.2859,1,0,0.6321,18.7895,8,2,0.082,0.31013,11956,EPL,1,2019,Manchester United,Brighton
314,92,3,1,13.0556,8,4,0.359906,2020-06-29 19:00:00,1376243,78,0.3305,12,0,0.119,8.5455,17,4,0.5505,1.06533,11957,EPL,1,2019,Burnley,Crystal Palace
315,75,11,1,5.8400,15,3,1.80384,2020-07-01 17:00:00,1376246,72,0.2749,4,2,0.5332,15.6667,7,2,0.1919,1.17592,11958,EPL,1,2019,Leicester,Everton
316,87,11,0,15.5000,11,3,0.819606,2020-07-02 19:15:00,1376248,88,0.1305,7,4,0.0571,31.1818,14,6,0.8124,2.65433,11959,EPL,1,2019,Liverpool,Manchester City
317,82,8,1,5.2273,9,2,1.01524,2020-07-02 17:00:00,1376250,238,0.3008,9,3,0.1562,16.3182,7,5,0.543,1.59994,11960,EPL,1,2019,Tottenham,Sheffield United
318,74,5,3,9.2381,11,7,1.3364,2020-06-28 15:30:00,1376252,90,0.2589,6,1,0.6541,9.0000,8,0,0.087,0.365347,11961,EPL,1,2019,Southampton,Watford
319,80,8,2,6.4737,17,6,1.57609,2020-07-01 19:15:00,1376254,81,0.2526,7,3,0.2301,21.0000,11,4,0.5173,2.10497,11962,EPL,1,2019,Chelsea,West Ham
320,238,7,1,13.8000,10,3,1.63343,2020-07-05 11:00:00,1376255,92,0.2771,4,1,0.4415,9.1429,9,4,0.2814,1.31966,11963,EPL,1,2019,Sheffield United,Burnley
321,90,3,0,25.2353,7,3,0.608971,2020-07-04 19:00:00,1376256,80,0.092,9,3,0.0268,11.1875,21,9,0.8812,2.78877,11964,EPL,1,2019,Watford,Chelsea
322,78,2,0,15.6842,7,1,0.507537,2020-07-04 14:00:00,1376257,75,0.1429,6,3,0.0491,8.4063,15,4,0.808,2.20683,11965,EPL,1,2019,Crystal Palace,Leicester
323,71,4,0,20.8235,9,3,0.689775,2020-07-05 15:30:00,1376258,87,0.335,11,2,0.1942,3.7241,6,4,0.4708,1.0837,11966,EPL,1,2019,Aston Villa,Liverpool
324,73,1,2,22.9333,7,3,1.52161,2020-07-04 14:00:00,1376259,89,0.2102,15,5,0.1463,9.0000,19,10,0.6435,2.63259,11967,EPL,1,2019,Bournemouth,Manchester United
325,81,4,2,12.9600,17,7,2.03065,2020-07-05 13:15:00,1376260,86,0.2624,13,2,0.5084,17.0000,11,4,0.2292,1.49121,11968,EPL,1,2019,West Ham,Newcastle United
326,220,8,1,19.5556,8,2,0.903046,2020-07-04 11:30:00,1376261,79,0.3523,9,0,0.4579,15.9375,12,1,0.1898,0.545069,11969,EPL,1,2019,Brighton,Norwich
327,88,23,0,6.8095,26,6,3.39575,2020-07-05 18:00:00,1376262,74,0.0606,2,1,0.9224,15.2143,8,4,0.017,0.628765,11970,EPL,1,2019,Manchester City,Southampton
328,72,3,0,12.2000,11,3,0.403762,2020-07-06 19:00:00,1376263,82,0.4878,3,1,0.2171,10.5833,12,2,0.2951,0.511828,11971,EPL,1,2019,Everton,Tottenham
329,83,1,2,12.4231,8,5,1.28273,2020-07-04 16:30:00,1376264,229,0.3029,8,0,0.44,30.3000,10,1,0.2571,0.985166,11972,EPL,1,2019,Arsenal,Wolverhampton Wanderers
330,75,5,1,8.0000,13,5,1.00238,2020-07-07 19:15:00,1376158,83,0.308,8,1,0.2578,17.1111,11,7,0.4342,1.29023,11973,EPL,1,2019,Leicester,Arsenal
331,89,13,3,8.0000,14,6,2.86531,2020-07-09 19:15:00,1376161,71,0.0809,2,0,0.8947,21.2353,9,1,0.0244,0.598873,11974,EPL,1,2019,Manchester United,Aston Villa
332,82,5,0,6.4737,9,0,0.479274,2020-07-09 17:00:00,1376164,73,0.3526,6,0,0.1581,12.2857,8,2,0.4893,0.960349,11975,EPL,1,2019,Tottenham,Bournemouth
333,87,15,3,8.6538,19,8,2.61624,2020-07-08 19:15:00,1376167,220,0.2139,5,1,0.4334,20.9167,12,2,0.3527,2.3646,11976,EPL,1,2019,Liverpool,Brighton
334,80,8,3,7.3846,14,6,2.65753,2020-07-07 17:00:00,1376170,78,0.1868,7,2,0.7122,14.0000,13,4,0.101,1.2882,11977,EPL,1,2019,Chelsea,Crystal Palace
335,74,13,1,6.9286,17,4,2.29684,2020-07-09 17:00:00,1376173,72,0.1349,2,1,0.8214,14.4118,11,4,0.0437,0.671442,11978,EPL,1,2019,Southampton,Everton
336,86,1,0,33.3333,6,1,0.21643,2020-07-08 17:00:00,1376176,88,0.0363,23,5,0.0062,6.3846,23,9,0.9575,3.28662,11979,EPL,1,2019,Newcastle United,Manchester City
337,229,2,0,11.8462,6,1,0.326909,2020-07-08 17:00:00,1376179,238,0.5174,7,1,0.1867,18.8889,7,3,0.2959,0.470483,11980,EPL,1,2019,Wolverhampton Wanderers,Sheffield United
338,79,7,1,9.0000,12,3,1.13378,2020-07-07 17:00:00,1376182,90,0.322,6,2,0.4783,11.2308,9,4,0.1997,0.725199,11981,EPL,1,2019,Norwich,Watford
339,92,6,1,24.1250,8,4,1.05291,2020-07-08 17:00:00,1376185,81,0.2222,8,0,0.1624,10.9412,22,5,0.6154,1.99821,11982,EPL,1,2019,Burnley,West Ham
340,78,3,0,7.4500,9,5,0.974181,2020-07-12 13:15:00,1376187,71,0.2501,4,2,0.1844,8.9231,12,9,0.5655,1.6977,11983,EPL,1,2019,Crystal Palace,Aston Villa
341,75,14,1,9.3478,13,5,1.66084,2020-07-12 18:00:00,1376189,73,0.2228,3,4,0.1597,18.4706,10,4,0.6175,2.54311,11984,EPL,1,2019,Leicester,Bournemouth
342,88,14,5,9.6000,26,8,5.51767,2020-07-11 19:00:00,1376191,220,0.0003,5,0,0.9997,27.0556,3,0,0,0.149588,11985,EPL,1,2019,Manchester City,Brighton
343,92,2,1,23.4667,6,2,0.452331,2020-07-11 14:00:00,1376193,87,0.1477,19,1,0.0484,8.6923,23,9,0.8039,2.17649,11986,EPL,1,2019,Burnley,Liverpool
344,74,9,2,8.8333,9,5,1.8051,2020-07-13 19:00:00,1376195,89,0.3093,9,2,0.4316,13.5789,8,4,0.2591,1.5033,11987,EPL,1,2019,Southampton,Manchester United
345,81,9,4,20.8750,19,7,3.81088,2020-07-11 11:30:00,1376197,79,0.029,7,0,0.9641,14.1111,11,2,0.0069,0.613251,11988,EPL,1,2019,West Ham,Norwich
346,80,3,0,4.7333,15,4,1.17509,2020-07-11 16:30:00,1376199,238,0.2302,5,3,0.1654,45.9091,9,4,0.6044,2.00632,11989,EPL,1,2019,Chelsea,Sheffield United
347,83,6,1,13.0625,13,4,0.68991,2020-07-12 15:30:00,1376201,82,0.2064,4,2,0.1084,17.0385,15,9,0.6852,1.81846,11990,EPL,1,2019,Arsenal,Tottenham
348,86,1,1,12.0833,8,4,1.49134,2020-07-11 11:30:00,1376203,90,0.1508,11,2,0.0672,6.2500,17,5,0.782,3.12855,11991,EPL,1,2019,Newcastle United,Watford
349,72,3,0,18.6316,6,2,0.286561,2020-07-12 11:00:00,1376205,229,0.04,4,3,0.0085,14.3500,14,7,0.9515,2.86724,11992,EPL,1,2019,Everton,Wolverhampton Wanderers
350,87,12,1,4.7931,24,8,2.2233,2020-07-15 19:15:00,1376157,83,0.2257,4,2,0.5877,17.0000,3,2,0.1866,1.31516,11993,EPL,1,2019,Liverpool,Arsenal
351,229,3,1,22.5000,14,5,1.2857,2020-07-15 17:00:00,1376160,92,0.3045,6,1,0.2647,7.7308,9,1,0.4308,1.53435,11994,EPL,1,2019,Wolverhampton Wanderers,Burnley
352,79,0,0,27.6875,2,0,0.0631109,2020-07-14 19:15:00,1376163,80,0.0274,9,1,0.0016,7.9667,22,6,0.971,3.05119,11995,EPL,1,2019,Norwich,Chelsea
353,89,8,2,7.9231,17,5,1.90448,2020-07-16 19:15:00,1376166,78,0.191,7,0,0.7239,11.6563,13,5,0.0851,0.572141,11996,EPL,1,2019,Manchester United,Crystal Palace
354,71,6,1,12.8636,15,1,1.52021,2020-07-16 17:00:00,1376169,72,0.2819,6,1,0.523,7.3600,9,1,0.1951,0.944434,11997,EPL,1,2019,Aston Villa,Everton
355,238,1,0,10.1739,5,1,0.660214,2020-07-16 17:00:00,1376172,75,0.0746,6,2,0.024,9.2500,15,7,0.9014,3.05752,11998,EPL,1,2019,Sheffield United,Leicester
356,73,11,1,27.8125,14,3,1.66635,2020-07-15 17:00:00,1376175,88,0.2441,8,2,0.6013,4.9000,8,4,0.1546,0.82755,11999,EPL,1,2019,Bournemouth,Manchester City
357,82,7,3,11.7407,8,5,1.7498,2020-07-15 17:00:00,1376178,86,0.2568,5,1,0.5842,17.7333,22,6,0.159,1.05748,12000,EPL,1,2019,Tottenham,Newcastle United
358,90,8,1,5.2105,14,3,1.03402,2020-07-17 19:00:00,1376184,81,0.3363,2,3,0.3975,9.7143,10,4,0.2662,0.833995,12001,EPL,1,2019,Watford,West Ham
359,220,8,1,19.7333,10,2,0.67264,2020-07-16 19:15:00,1376181,74,0.1493,11,1,0.0624,5.4762,21,6,0.7883,2.33745,12002,EPL,1,2019,Brighton,Southampton
360,83,6,0,6.2857,7,0,0.737137,2020-07-21 19:15:00,1376186,71,0.3967,4,1,0.3563,18.6316,8,3,0.247,0.57408,12003,EPL,1,2019,Arsenal,Aston Villa
361,74,10,2,6.8824,16,8,2.24527,2020-07-19 13:00:00,1376188,73,0.1363,8,0,0.8133,6.4074,11,3,0.0504,0.583117,12004,EPL,1,2019,Southampton,Bournemouth
362,86,3,0,15.4286,12,1,0.929091,2020-07-20 17:00:00,1376190,220,0.3412,4,0,0.3494,6.7308,11,3,0.3094,0.855896,12005,EPL,1,2019,Newcastle United,Brighton
363,80,3,3,14.7500,10,5,2.38205,2020-07-22 19:15:00,1376192,87,0.2219,5,5,0.6283,12.1000,10,7,0.1498,1.45179,12006,EPL,1,2019,Chelsea,Liverpool
364,81,2,1,13.3889,12,3,1.29009,2020-07-22 17:00:00,1376194,89,0.325,13,1,0.4359,11.8500,11,4,0.2391,0.984161,12007,EPL,1,2019,West Ham,Manchester United
365,92,17,2,6.8065,23,8,1.8233,2020-07-18 16:30:00,1376196,79,0.2089,0,0,0.6986,24.5000,6,2,0.0925,0.576602,12008,EPL,1,2019,Burnley,Norwich
366,72,3,1,13.0625,5,2,0.624814,2020-07-20 17:00:00,1376198,238,0.4242,5,0,0.3636,11.4000,8,0,0.2122,0.468461,12009,EPL,1,2019,Everton,Sheffield United
367,75,6,0,6.5385,24,6,1.20085,2020-07-19 15:00:00,1376200,82,0.3092,2,3,0.4638,21.1667,7,3,0.227,0.766922,12010,EPL,1,2019,Leicester,Tottenham
368,88,9,4,4.4815,26,10,3.73814,2020-07-21 17:00:00,1376202,90,0.0069,2,0,0.9929,21.0000,2,0,0.0002,0.131868,12011,EPL,1,2019,Manchester City,Watford
369,78,1,0,11.6818,7,3,0.440119,2020-07-20 19:15:00,1376204,229,0.2176,4,2,0.0685,14.1176,11,5,0.7139,1.48696,12012,EPL,1,2019,Crystal Palace,Wolverhampton Wanderers
370,71,4,1,10.6364,13,4,0.983594,2020-07-26 15:00:00,1376183,81,0.3463,2,1,0.3816,7.2222,10,1,0.2721,0.781465,12013,EPL,1,2019,Aston Villa,West Ham
371,90,11,2,11.3200,19,6,3.9197,2020-07-26 15:00:00,1376156,83,0.1256,11,3,0.8008,16.4167,13,5,0.0736,1.95282,12014,EPL,1,2019,Watford,Arsenal
372,238,1,1,17.6087,5,3,1.41051,2020-07-26 15:00:00,1376180,74,0.2985,10,3,0.2951,6.8000,13,4,0.4064,1.64306,12015,EPL,1,2019,Sheffield United,Southampton
373,87,7,3,6.0000,14,6,0.56818,2020-07-26 15:00:00,1376177,86,0.4726,0,1,0.3289,19.1739,3,2,0.1985,0.339294,12016,EPL,1,2019,Liverpool,Newcastle United
374,79,2,0,31.0000,5,4,0.786563,2020-07-26 15:00:00,1376174,88,0.0714,37,5,0.0231,6.6000,31,10,0.9055,3.56749,12017,EPL,1,2019,Norwich,Manchester City
375,89,9,2,8.0323,7,3,1.41019,2020-07-26 15:00:00,1376171,75,0.281,2,0,0.566,9.8571,14,3,0.153,0.754668,12018,EPL,1,2019,Manchester United,Leicester
376,73,7,3,13.5625,13,7,1.46461,2020-07-26 15:00:00,1376168,72,0.3157,13,1,0.26,5.3478,13,5,0.4243,1.74699,12019,EPL,1,2019,Bournemouth,Everton
377,82,3,1,6.3056,7,2,0.310302,2020-07-26 15:00:00,1376165,78,0.3333,6,1,0.0952,13.2381,13,2,0.5715,0.988534,12020,EPL,1,2019,Tottenham,Crystal Palace
378,229,2,0,14.5185,5,1,0.164561,2020-07-26 15:00:00,1376162,80,0.2977,7,2,0.0433,6.8276,11,3,0.659,1.15938,12021,EPL,1,2019,Wolverhampton Wanderers,Chelsea
379,220,4,2,16.3636,14,4,1.3696,2020-07-26 15:00:00,1376159,92,0.2779,5,1,0.3382,5.9259,13,2,0.3839,1.44244,12022,EPL,1,2019,Brighton,Burnley
